<root ruleset_name="filter" type="whitelist" undetected_discard="false" ruleset_id="filter">
	<rule rule_id="reverse_shell_filter1" author="Elkeid" type="Detection">
		<rule_name>reverse_shell_filter1</rule_name>
		<filter part="SMITH_ALERT_DATA.RULE_INFO.RuleID">reverse_shell_detect</filter>
		<check_list>
			<check_node type="INCL" part="pgid_argv">
				<![CDATA[tmux]]>
			</check_node>
		</check_list>

	</rule>
	<rule rule_id="reverse_shell_filter2" author="Elkeid" type="Detection">
		<rule_name>reverse_shell_filter2</rule_name>
		<filter part="SMITH_ALERT_DATA.RULE_INFO.RuleID">reverse_shell_detect</filter>
		<check_list>
			<check_node type="INCL" part="ppid_argv">
				<![CDATA[tmux]]>
			</check_node>
		</check_list>
	</rule>
	<rule rule_id="reverse_shell_filter3" author="Elkeid" type="Detection">
		<rule_name>reverse_shell_filter3</rule_name>
		<filter part="SMITH_ALERT_DATA.RULE_INFO.RuleID">reverse_shell_detect</filter>
		<check_list>
			<check_node type="INCL" part="pid_tree">
				<![CDATA[tmux]]>
			</check_node>
		</check_list>
	</rule>

	<rule rule_id="binary_file_hijack_filter" author="Elkeid" type="Detection">
		<rule_name>binary_file_hijack_filter</rule_name>
		<filter part="SMITH_ALERT_DATA.RULE_INFO.RuleID">binary_file_hijack_detect</filter>
		<check_list>
			<check_node type="INCL" part="pid_tree" logic_type="or" separator="|">
				<![CDATA[docker|container|make|yum|apt|rpm|dpkg]]>
			</check_node>
		</check_list>
	</rule>

	<rule rule_id="user_credential_escalation_filter" author="Elkeid" type="Detection">
		<rule_name>user_credential_escalation_filter</rule_name>
		<filter part="SMITH_ALERT_DATA.RULE_INFO.RuleID">user_credential_escalation_detect</filter>
		<check_list>
			<check_node type="INCL" part="exe" logic_type="or" separator="|">
				<![CDATA[/bin/sudo|/bin/su|sshd|exim|atc|pmdas|systemd|container|login|chsh]]>
			</check_node>
		</check_list>
	</rule>

	<rule rule_id="pipe_shell_connection_filter" author="Elkeid" type="Detection">
		<rule_name>pipe_shell_connection_filter</rule_name>
		<filter part="SMITH_ALERT_DATA.RULE_INFO.RuleID">pipe_shell_connection_detect</filter>
		<check_list>
			<check_node type="INCL" part="dip">
				<![CDATA[127.0.0.]]>
			</check_node>
		</check_list>
	</rule>

</root>
