<root ruleset_name="frequency" type="rule" undetected_discard="false" ruleset_id="frequency">
    <rule rule_id="pipe_shell_detect" author="Elkeid" type="Frequency">
        <rule_name>pipe_shell_detect</rule_name>
        <alert_data>True</alert_data>
        <harm_level>high</harm_level>
        <desc kill_chain_id="persistent" affected_target="host_process">Double Piped Reverse Shell Detection</desc>
        <filter part="SMITH_ALERT_DATA.RULE_INFO.RuleID">pipe_shell_</filter>
        <check_list>
        </check_list>
        <node_designate>
            <node part="agent_id" />
            <node part="ppid" />
        </node_designate>
        <threshold range="5" count_type="classify" count_field="argv" local_cache="true">3</threshold>
        <del />
        <action />
    </rule>
</root>
