{"agent_id":"80ab2f3b-0000-0000-0000-000000000000","alert":false,"argv":"insmod /var/lib/dkms/draios-agent/12.0.4/4.19.0-18-cloud-amd64/x86_64/module/sysdigcloud-probe.ko","comm":"insmod","data_type":"603","ex_ipv4_list":"","ex_ipv6_list":"2001:4860:4860::1","exe":"/bin/kmod","exe_hash":"39a5ca977b80a316","hostname":"test_pc","in_ipv4_list":"172.131.136.16,10.77.0.1,10.77.94.64","in_ipv6_list":"","ip":"172.131.136.16","ko_file":"sysdigcloud_probe","nodename":"ip-172-31-36-136","pgid":"6919","pgid_argv":"/docker-entrypoint.sh","pid":"8868","pid_tree":"8868.insmod<6972.sysdigcloud-pro<6919.docker-entrypoi<6897.containerd-shim<1.systemd","pns":"4026531836","pod_name":"-3","ppid":"6972","risk":0,"root_pns":"4026531836","run_path":"/","sessionid":"4294967295","sid":"6919","tgid":"8868","time":"1642387979","time_pkg":"1642387979","timestamp":"2022-01-17 10:53:01","uid":"0","username":"root"  }

