{"agent_id":"80ab2f3b-0000-0000-0000-000000000000","argv":"rm -i -fr /var/log/aumux.log /var/log/auth.log /var/log/daemon.log /var/log/dpkg.log /var/log/systemd_monitor.log /var/log/user.log","comm":"rm","data_type":"59","exe":"/bin/rm","exe_hash":"c04ea6e4d1d72c3f","hostname":"xxx","ld_preload":"-1","pgid":"3417264","pgid_argv":"-3","pid":"3417264","pid_tree":"3417264.rm<3417230.bash<3417223.sshd<994.sshd<1.systemd","pns":"4026531836","ppid":"3417230","ppid_argv":"-bash","run_path":"/root","sa_family":"2","sessionid":"71525","sid":"3417230","sip":"x.x.x.x","socket_argv":"/usr/sbin/sshd -D -R","socket_pid":"3417223","sport":"22","ssh":"x.x.x.x 60660 x.x.x.x 22","stdin":"/dev/pts/0","stdout":"/dev/pts/0","tags":"","tgid":"3417264","time":"1641971122","time_pkg":"1641971122","timestamp":"2022-01-12T07:05:22Z"}

